Chapter,City,Match,Context
35,Nanjing,南京,店裏。彼此見過了禮坐下。那人道：「我在京師裏算著徵辟的旨意到南京去，這時候該是先生來的日子了，所以出了彰儀門，遇著騾轎車子，
35,Nanjing,南京,"，還有些拙著慢慢的請教。」盧信侯應允了。次早分別，盧信侯先到南京等候。

莊徵君進了彰儀門，寓在護國寺。徐侍郎即刻打發家人來"
35,Nanjing,南京,徵君會的不耐煩，只得各衙門去回拜。大學士太保公向徐侍郎道：「南京來的莊年兄，皇上頗有大用之意，老先生何不邀他來學生這裏走走？
35,Nanjing,南京,"了一回，隨教大學士傳旨：「莊尚志允令還山，賜內帑銀五百兩，將南京元武湖賜與莊尚志著書立說，鼓吹休明。」

傳出聖旨來，莊徵君"
35,Nanjing,南京,子船，船上頗可看書。不日來到揚州，在鈔關住了一日，要換江船回南京。次早纔上了江船，只見岸上有二十多乘齊整轎子歇在岸上，都是兩
35,Nanjing,應天府,合高大老爺來拜。」莊徵君出去會。纔會了回來，又是布政司來拜，應天府來拜，驛道來拜，上、江二縣來拜，本城鄉紳來拜，哄莊徵君穿了靴
35,Nanjing,南京,寺。那湖中菱、藕、蓮、芡，每年出幾千石。湖內七十二隻打魚船，南京滿城每早賣的都是這湖魚。湖中間五座大洲：四座洲貯了圖籍；中間
35,Beijing,京師,人也上了騾子，一同來到店裏。彼此見過了禮坐下。那人道：「我在京師裏算著徵辟的旨意到南京去，這時候該是先生來的日子了，所以出了
35,Beijing,京師,。只是國初四大家，只有高青邱是被了禍的，文集人家是沒有，只有京師一個人家收著。小弟走到京師，用重價買到手，正要回家去，卻聽得
35,Beijing,京師,邱是被了禍的，文集人家是沒有，只有京師一個人家收著。小弟走到京師，用重價買到手，正要回家去，卻聽得朝廷徵辟了先生。我想前輩已
35,Yangzhou,揚州,"
莊徵君別了臺兒莊，叫了一隻馬溜子船，船上頗可看書。不日來到揚州，在鈔關住了一日，要換江船回南京。次早纔上了江船，只見岸上有"
35,Yangzhou,揚州府,十幾位。莊徵君甚不耐煩。隨即是鹽院來拜，鹽道來拜，分司來拜，揚州府來拜，江都縣來拜，把莊徵君鬧的急了，送了各官上去，叫作速開船
35,Yangzhou,江都縣,君甚不耐煩。隨即是鹽院來拜，鹽道來拜，分司來拜，揚州府來拜，江都縣來拜，把莊徵君鬧的急了，送了各官上去，叫作速開船。當晚總商湊
36,Nanjing,應天,話說應天蘇州府常熟縣有個鄉村，叫做麟紱鎮。鎮上有二百多人家，都是務農
36,Nanjing,南京,那裏還是陰德？」祁太公道：「到底是陰德，你今年要中。」當下來南京鄉試過回家，虞博士受了些風寒，就病起來。放榜那日，報錄人到了
36,Nanjing,南京,，說道：「這虞育德年紀老了，著他去做一個閒官罷。」當下就補了南京的國子監博士。虞博士歡喜道：「南京好地方！有山有水，又和我家
36,Nanjing,南京,做一個閒官罷。」當下就補了南京的國子監博士。虞博士歡喜道：「南京好地方！有山有水，又和我家鄉相近！我此番去，把妻兒老小接在一
36,Nanjing,南京,，和同鄉這幾位大老。翰林院侍讀有位王老先生，託道：「老先生到南京去，國子監有位貴門人，姓武，名書，字正字；這人事母至孝，極有
36,Nanjing,南京,有才情。老先生到彼，照顧照顧他。」虞博士應諾了。收拾行李，來南京到任，打發門斗到常熟接家眷。此時公子虞感祁已經十八歲了，跟隨
36,Nanjing,南京,門斗到常熟接家眷。此時公子虞感祁已經十八歲了，跟隨母親一同到南京。虞博士去參見了國子監祭酒李大人，回來陞堂坐公座。監裏的門生
36,Nanjing,南京,"遞與杜家小廝去；進去了。虞博士道：「這來的是我一個表姪。我到南京的時候，把幾間房子託他住著，他所以來看看我。

說著，湯相公"
36,Nanjing,南京,：「他是我們世交，是個極有才情的。」伊昭道：「門生也不好說。南京人都知道他本來是個有錢的人，而今弄窮了，在南京躲著。專好扯謊
36,Nanjing,南京,門生也不好說。南京人都知道他本來是個有錢的人，而今弄窮了，在南京躲著。專好扯謊騙錢。他最沒有品行！」虞博士道：「他有甚麼沒品
36,Nanjing,應天府,"我還留下二十兩給我表姪。」兩人不言語了，辭別出去。

次早，應天府送下一個監生來，犯了賭博，來討收管。門斗和衙役把那監生看守在"
36,Beijing,京師,走出一個矮小人，走過來答道：「門生便是武書。」虞博士道：「在京師久仰年兄克敦孝行，又有大才。」從新同他見了禮，請眾位坐下。武
36,Suzhou,蘇州府,話說應天蘇州府常熟縣有個鄉村，叫做麟紱鎮。鎮上有二百多人家，都是務農為業。
37,Nanjing,南京,。馬二先生笑問：「你們這是為甚麼事？」眾人都道：「我們生長在南京，也有活了七八十歲的，從不曾看見這樣的禮體，聽見這樣的吹打！
37,Nanjing,江寧,，憔悴枯槁。那人丟下行李，向武書作揖。武書驚道：「郭先生，自江寧鎮一別，又是三年，一向在那裏奔走？」那人道：「一言難盡！」武
37,Yangzhou,揚州,"。

又過了幾日，季萑、蕭鼎、辛東之、金寓劉來辭了虞博士，回揚州去了。馬純上同蘧駪夫到河房裏來辭杜少卿，要回浙江。二人走進河"
38,Nanjing,南京,同官縣知縣，只得迂道往同官去會他。這尤公名扶徠，字瑞亭，也是南京的一位老名士，去年纔到同官縣，一到任之時，就做了一件好事。是
38,Nanjing,南京,老和尚：「可是一向在這裏方丈的麼？」老和尚道：「貧僧當年住在南京太平府蕪湖縣甘露菴裏的，後在京師報國寺做方丈。因厭京師熱鬧，
38,Beijing,京師,？」老和尚道：「貧僧當年住在南京太平府蕪湖縣甘露菴裏的，後在京師報國寺做方丈。因厭京師熱鬧，所以到這裏居住。尊姓是郭？如今卻
38,Beijing,京師,年住在南京太平府蕪湖縣甘露菴裏的，後在京師報國寺做方丈。因厭京師熱鬧，所以到這裏居住。尊姓是郭？如今卻往成都，是做甚麼事？」
40,Nanjing,應天府,"缺之日，帶領引見。」

蕭雲仙又候了五六個月，部裏纔推陞了他應天府江淮衛的守備，帶領引見。奉旨：「著往新任。」蕭雲仙領了劄付出"
40,Nanjing,南京,，帶領引見。奉旨：「著往新任。」蕭雲仙領了劄付出京，走東路來南京。過了朱龍橋，到了廣武衛地方，晚間住在店裏，正是嚴冬時分。約
40,Nanjing,南京,心裏想道：「我若回常州父母家去，恐惹故鄉人家恥笑。」細想：「南京是個好地方，有多少名人在那裏。我又會做兩句詩，何不到南京去賣
40,Nanjing,南京,：「南京是個好地方，有多少名人在那裏。我又會做兩句詩，何不到南京去賣詩過日子？或者遇著些緣法出來也不可知。」立定主意，到儀徵
40,Nanjing,南京,者遇著些緣法出來也不可知。」立定主意，到儀徵換了江船，一直往南京來。只因這一番，有分教：賣詩女士，反為逋逃之流；科舉儒生，且
40,Beijing,京城,"行。木耐親自送過大柳驛，方纔回去。

蕭雲仙從浦口過江，進了京城，驗了劄付，到了任，查點了運丁，看驗了船隻，同前任的官交代清"
40,Beijing,京師,尊目。」當下捧出茶來喫了。武書道：「老先生自廣武而來，想必自京師部選的了？」蕭雲仙道：「不瞞老先生，說起來話長。小弟自從青楓
40,Yangzhou,揚州,各位，各位都回拜了。隨奉糧道文書，押運赴淮。蕭雲仙上船，到了揚州，在鈔關上擠馬頭，正擠的熱鬧，只見後面擠上一隻船來，船頭上站
40,Yangzhou,揚州,自蒙老先生青目，教了兩年書，積下些修金，回到家鄉，將小女許嫁揚州宋府上，此時送他上門去。」蕭雲仙道：「令愛恭喜，少賀。」因叫
40,Yangzhou,江都縣,話，說道：「不好了！他分明拿我女兒做妾，這還了得！」一經走到江都縣喊了一狀。那知縣看了呈子，說道：「沈大年既是常州貢生，也是衣
41,Nanjing,南京城,話說南京城裏，每年四月半後，秦淮景致，漸漸好了。那外江的船，都下掉了樓
41,Nanjing,南京城,"認「毗陵沈」招牌便是。」

武書看了，大笑道：「杜先生，你看南京城裏偏有許多奇事！這些地方，都是開私門的女人住。這女人眼見的也"
41,Nanjing,南京,濯江就問：「少卿兄幾時來的？寓在那裏？」莊紹光道：「他已今在南京住了八九年了。尊居現在這河房裏。」莊濯江驚道：「尊府大家，園
41,Nanjing,南京,。這十數年來，往來楚越，轉徒經營，又自致數萬金，纔置了產業，南京來住。平日極是好友敦倫。替他尊人治喪，不曾要同胞兄弟出過一個
41,Nanjing,南京,大的法船，照依佛家中元地獄赦罪之說，超度這些孤魂升天。把一個南京秦淮河，變做西域天竺國。到七月二十九日，清涼山地藏勝會。人都
41,Nanjing,南京,一年到頭都是如此，就歡喜這些人好善，就肯保佑人。所以這一夜，南京人各家門戶，都搭起兩張桌子來，兩枝通宵風燭，一座香斗，從大中
41,Nanjing,南京,枝住在王府塘房子裏，也同房主人娘子去燒香回來。沈瓊枝自從來到南京，掛了招牌，也有來求詩的，也有來買斗方的，也有來託刺繡的。那
41,Nanjing,南京城,：「無論他是怎樣，果真能做詩文，這也就難得了。」遲衡山道：「南京城裏是何等地方！四方的名士還數不清，還那個去求婦女們的詩文？這
41,Nanjing,南京,祭酒，昨日因有人說起佳作可觀，所以來請教。」沈瓊枝道：「我在南京半年多，凡到我這裏來的，不是把我當作倚門之娼，就是疑我為江湖
41,Nanjing,南京,生，既無狎玩我的意思，又無疑猜我的心腸。我平日聽見家父說：『南京名士甚多，只有杜少卿先生是個豪傑。』這句話不錯了。但不知先生
41,Nanjing,南京,豪傑。』這句話不錯了。但不知先生是客居在此，還是和夫人也同在南京？「杜少卿道：「拙荊也同寄居在河房內。」沈瓊枝道：「既如此。
41,Nanjing,南京,父歷年在外坐館，先母已經去世。我自小學了些手工針黹，因來到這南京大邦去處，借此糊口。適承杜先生相顧，相約到府，又承夫人一見如
41,Nanjing,南京,迎著王義安，叫道：「細姑娘同順姑娘來了？李老四也親自送了來？南京水西門近來生意如何？」李老四道：「近來被淮清橋那些開『三嘴行
41,Beijing,京城,話說南京城裏，每年四月半後，秦淮景致，漸漸好了。那外江的船，都下掉了樓
41,Beijing,京城,"「毗陵沈」招牌便是。」

武書看了，大笑道：「杜先生，你看南京城裏偏有許多奇事！這些地方，都是開私門的女人住。這女人眼見的也"
41,Beijing,京城,「無論他是怎樣，果真能做詩文，這也就難得了。」遲衡山道：「南京城裏是何等地方！四方的名士還數不清，還那個去求婦女們的詩文？這
41,Yangzhou,江都縣,到這裏邊來？」武書接應道：「是我叫進來的。奇怪！如今縣裏據著江都縣緝捕的文書在這裏拿人，說他是宋鹽商家逃出來的一個妾。我的眼色
41,Yangzhou,揚州,卿道：「此刻卻在我家！我家與他拿了去，就像是我家指使的；傳到揚州去，又像我家藏留他。他逃走不逃走都不要緊，這個倒有些不妥帖。
41,Yangzhou,江都縣,外黃傭奴？故此逃了出來。這是真的。」知縣道：「你這些事，自有江都縣問你，我也不管。你既會文墨，可能當面做詩一首？」沈瓊枝道：「
41,Yangzhou,江都縣,和。簽了一張批，備了一角關文，吩咐原差道：「你們押送沈瓊枝到江都縣，一路須要小心，不許多事，領了回批來繳。」那知縣與江都縣同年
41,Yangzhou,江都縣,枝到江都縣，一路須要小心，不許多事，領了回批來繳。」那知縣與江都縣同年相好，就密密的寫了一封書子，裝入關文內，託他開釋此女，斷
41,Yangzhou,揚州,瓊枝一塊兒坐下，問道：「姑娘是到那裏去的？」沈瓊枝道：「我是揚州，和二位想也同路。」中年的婦人道：「我們不到揚州，儀徵就上岸
41,Yangzhou,揚州,枝道：「我是揚州，和二位想也同路。」中年的婦人道：「我們不到揚州，儀徵就上岸了。」過了一會，船家來稱船錢。兩個差人啐了一口，
42,Nanjing,南京,時邊上可有信來？」湯六老爺道：「怎麼沒有？前日還打發人來，在南京做了二十首大紅緞子繡龍的旗，一首大黃緞子的坐纛。說是這一個月
42,Nanjing,南京,"。

次日，六老爺絕早來說，要在這裏擺酒，替兩位公子餞行，往南京恭喜去。王義安聽見湯大老爺府裏兩位公子來，喜從天降。忙問：「"
42,Nanjing,南京,，大清天白日，提著兩對燈籠：一對上寫著「都督府」，一對寫著「南京鄉試」。大爺、二爺進來，上面坐下。兩個婊子雙雙磕了頭。六老爺
42,Nanjing,應天府,」大爺道：「略小些，也差不多。放過了炮，至公堂上擺出香案來。應天府尹大人戴著襆頭，穿著蟒袍，行過了禮，立起身來，把兩把遮陽遮著
42,Nanjing,南京,"不消說。鬧到三更鼓，打著燈籠回去了。

次日，叫了一隻大船上南京。六老爺也送上船，回去了。大爺、二爺在船上閒談著進場的熱鬧處"
42,Nanjing,南京,如此，只得求賢、免錢糧兩個題，其餘沒有了。」一路說著，就到了南京。管家尤鬍子接著，把行李搬到釣魚巷住下。大爺、二爺走進了門，
42,Yangzhou,揚州府,、二爺進一到京，就要進場了？初八日五更鼓先點太平府，點到我們揚州府怕不要晚？」大爺道：「那裏就點太平府！貢院前先放三個炮，把柵
42,Yangzhou,揚州,。」大爺道：「我是教門，不用大葷。」來官道：「有新買的極大的揚州螃蟹，不知老爺用不用？」大爺道：「這是我們本地的東西，我是最
43,Yangzhou,江都縣,，遵命了。」又坐堂叫齊一干人等在面前，說道：「本該將你們解回江都縣照數追賠，這是本縣開恩，恕你初犯！」扯個淡，一齊趕了出來。朝
44,Nanjing,南京,禮奉坐。蕭柏泉道：「世叔恭喜回府，小姪就該來請安。因這些時，南京翰林侍講高老先生告假回家，在揚州過，小姪陪了他幾時，所以來遲
44,Nanjing,南京,他說過，州尊准了，出來兌了銀子，辭別知州，收拾行李回家。因走南京過，想起：「天長杜少卿住在南京利涉橋河房裏，是我表弟，何不順
44,Nanjing,南京,，辭別知州，收拾行李回家。因走南京過，想起：「天長杜少卿住在南京利涉橋河房裏，是我表弟，何不順便去看看他？」便進城來到杜少卿
44,Yangzhou,揚州,"他們纔好。」每日躊躕這一件事。

那一日，門上人進來稟道：「揚州蕭二相公來拜。」湯鎮臺道：「這是我蕭世兄。我會著還認他不得哩"
44,Yangzhou,揚州,，小姪就該來請安。因這些時，南京翰林侍講高老先生告假回家，在揚州過，小姪陪了他幾時，所以來遲。」湯鎮臺道：「世兄恭喜入過學了
44,Yangzhou,揚州,泉住了兩夜，寫了聘書，即命大公子，叫了一個草上飛，同蕭柏泉到揚州去，往河下賣鹽的吳家拜余先生。蕭柏泉叫他寫個晚生帖子，將來進
44,Yangzhou,揚州,考，等我考了回來，哥哥再去罷。」余大先生道：「你不知道。我這揚州的館金已是用完了，要趕著到無為州去弄幾兩銀子回來過長夏。你科
45,Nanjing,南京,二先生，你這件事雖非欽件，將來少不得打到欽件裏去。你令兄現在南京，誰人不知道？自古『地頭文書鐵箍桶』，總以當事為主。當事是彭
45,Nanjing,南京,，三人均分。余持得贓一百三十三兩有零。二十八日在州衙辭行，由南京回五河本籍。贓證確據，何得諱稱並無其人？事關憲件，人命重情，
45,Nanjing,南京,來，姐夫為甚麼自己纏在身上？不如老老實實具個呈子，說大爺現在南京，叫他行文到南京去關，姐夫落得乾淨無事。我這裏『娃子不哭奶不
45,Nanjing,南京,己纏在身上？不如老老實實具個呈子，說大爺現在南京，叫他行文到南京去關，姐夫落得乾淨無事。我這裏『娃子不哭奶不脹』，為甚麼把別
45,Nanjing,南京,分。余持得贓一百　　　　三十三兩有零。二十八日在州衙辭行，由南京回五河本籍。贓證確據，何得諱稱並無其人？事關憲件，人命重情…
45,Nanjing,南京,怎的不拍他！難道怕得罪他麼？」主人坐在底下道：「大哥，前日在南京來，聽見說應天府尹進京了？」余大先生還不曾答應。余敷道：「這
45,Nanjing,應天府,道怕得罪他麼？」主人坐在底下道：「大哥，前日在南京來，聽見說應天府尹進京了？」余大先生還不曾答應。余敷道：「這個事也是彭老四奏
45,Nanjing,應天府,先生還不曾答應。余敷道：「這個事也是彭老四奏的。朝廷那一天問應天府可該換人，彭老四要薦他的同年湯奏，就說該換。他又不肯得罪府尹
45,Nanjing,南京,：「偎著就要發！你葬下去纔知道好哩！」余大先生道：「前日我在南京聽見幾位朋友說，葬地只要父母安，那子孫發達的話也是渺茫。」余
45,Suzhou,蘇州,道：「我知道了。拜上你家老爺，我們就來。」打發出門，隨即一個蘇州人，在這裏開糟坊的，打發人來請他弟兄兩個到糟坊裏去洗澡。大先
46,Nanjing,南京,話說余大先生葬了父母之後，和二先生商議，要到南京去謝謝杜少卿。又因銀子用完了，順便就可以尋館。收拾行李，別了
46,Nanjing,南京,"送別圖」，在會諸人，都做了詩。又各家移樽到博士齋中餞別。

南京餞別虞博士的，也不下千餘家。虞博士應酬煩了，凡要到船中送別的"
46,Nanjing,南京,然。邀到船裏坐下，說道：「少卿，我不瞞你說。我本赤貧之士，在南京來做了六七年博士，每年積幾兩俸金，只掙了三十擔米的一塊田。我
46,Nanjing,南京,今小兒讀書之餘，我教他學個醫，可以餬口。我要做這官怎的？你在南京，我時常寄書子來問候你。」說罷，和杜少卿灑淚分手。杜少卿上了
46,Beijing,京師,接。季葦蕭進來，作揖坐下，拿出一封書子，遞過來說道：「小弟在京師因同敝東家來貴郡，令表兄杜慎卿先生託寄一書，專候先生。今日得
47,Nanjing,南京,縣裏，禮義廉恥，一總都滅絕了！也因學宮裏沒有個好官！若是放在南京虞博士那裏，這樣事如何行的去！」余二先生道：「看虞博士那般舉
47,Yangzhou,揚州,華軒又帶了一個帖子拜季葦蕭。衙裏接了帖子，回出來道：「季相公揚州去了，太爺有請。」二位同進去，在書房裏會。會過太尊出來，兩位
48,Nanjing,南京,：「這個何足為奇。只是貴處這學署清苦，兼之家兄初到。虞博士在南京幾十兩的拿著送與名士用，家兄也想學他。」王玉輝道：「這是『長
48,Nanjing,南京,妻悲慟，心下不忍，意思要到外面去作遊幾時。又想，要作游除非到南京去。那裏有極大的書坊，還可逗著他們刻這三部書。」余大先生道：
48,Nanjing,南京,極大的書坊，還可逗著他們刻這三部書。」余大先生道：「老哥要往南京，可惜虞博士去了。若是虞博士在南京，見了此書，贊揚一番，就有
48,Nanjing,南京,。」余大先生道：「老哥要往南京，可惜虞博士去了。若是虞博士在南京，見了此書，贊揚一番，就有書坊搶的刻去了。」二先生道：「先生
48,Nanjing,南京,了此書，贊揚一番，就有書坊搶的刻去了。」二先生道：「先生要往南京，哥如今寫一封書子去，與少卿表弟和紹光先生。這人言語是值錢的
48,Nanjing,南京,"直送到船上，方纔回去。

王玉輝到了蘇州，又換了船，一路來到南京水西門上岸，進城尋了個下處，在牛公庵住下。次日，拿著書子去尋"
48,Nanjing,南京,來賣上江食鹽，寓在朝天宮。一向記念老伯。近況好麼？為甚麼也到南京來？」王玉輝請他坐下，說道：「賢姪，當初令堂老夫人守節，鄰家
48,Nanjing,南京,幾位？」王玉輝一一說了。鄧質夫歎道：「小姪也恨的來遲了！當年南京有虞博士在這裏，名壇鼎盛，那泰伯祠大祭的事，天下皆聞。自從虞
48,Suzhou,蘇州,西湖這一路走。一路看著水色山光，悲悼女兒，悽悽惶惶。一路來到蘇州，正要換船，心裏想起：「我有一個老朋友住在鄧尉山裏，他最愛我
48,Suzhou,蘇州,子，都穿著極鮮豔的衣服，在船裏坐著喫酒。王玉輝心裏說道：「這蘇州風俗不好，一個婦人家不出閨門，豈有個叫了船在這河內游蕩之理！
48,Suzhou,蘇州,"了一場，含淚上船。那孝子直送到船上，方纔回去。

王玉輝到了蘇州，又換了船，一路來到南京水西門上岸，進城尋了個下處，在牛公庵"
48,Yangzhou,揚州,伯下處去。」到了下處，鄧質夫拜見了，說道：「小姪自別老伯，在揚州這四五年。近日是東家託我來賣上江食鹽，寓在朝天宮。一向記念老
49,Beijing,京師,生在那邊更覺的得意些。自從學生進京後，彼此就疏失了。前日他從京師回來，說己由序班授了中書，將來就是秦親家的同衙門了。」秦中書
49,Beijing,京師,來必是朝廷的柱石。自高老先生發解之後，小弟奔走四方，卻不曾到京師一晤。去年小弟到京，不料高老先生卻又養望在家了。所以昨在揚州
49,Beijing,京師,席酒，就擺在西廳上面。酒餚十分齊整，卻不曾有戲。席中又談了些京師裏的朝政。說了一會，遲衡山向武正字道：「自從虞老先生離了此地
49,Yangzhou,揚州,江一個最有用的人，一筆的好字。二十年前，學生做秀才的時候，在揚州會著他。他那時也是個秀才，他的舉動就有些不同。那時鹽務的諸公
49,Yangzhou,揚州,道：「高老先生相招奉陪老先生。」萬中書道：「小弟二十年前，在揚州得見高老先生，那時高老先生還未曾高發，那一段非凡氣魄，小弟便
49,Yangzhou,揚州,京師一晤。去年小弟到京，不料高老先生卻又養望在家了。所以昨在揚州幾個敝相知處有事，只得繞道來聚會一番。天幸又得接老先生同諸位
50,Nanjing,江寧縣,人面前，我也不說假話了。我這場官司，倒不輸在臺州府，反要輸在江寧縣。」鳳四老爹道：「江寧縣方老爺待你甚好，這是為何？」萬中書道
50,Nanjing,江寧縣,我這場官司，倒不輸在臺州府，反要輸在江寧縣。」鳳四老爹道：「江寧縣方老爺待你甚好，這是為何？」萬中書道：「不瞞老爹說，我實在是
50,Yangzhou,江都,潦潦草草的。上寫著：「台州府正堂祁，為海防重地等事。奉巡撫浙江都察院鄒憲行參革臺州總兵苗而秀案內要犯一名萬里（即萬青雲），係
51,Nanjing,南京,蘇州。到了蘇州，鳳四老爹打發清了船錢，纔換了杭州船，這隻船比南京叫的卻大著一半。鳳四老爹道：「我們也用不著這大船，只包他兩個
51,Nanjing,南京,」差人依著，點燈的時候，悄悄的去會臺州府承行的趙勤。趙勤聽見南京鳳四老爹同了來，喫了一驚，說道：「那是個仗義的豪傑，萬相公怎
51,Nanjing,南京,中書早晚也是要革的了。」萬中書道：「中書自去年進京，今年回到南京，並無犯法的事。請問太公祖，隔省差拿，其中端的是何緣故？」祁
51,Suzhou,蘇州,船，打點一直到浙江去。叫遍了，總沒有一隻杭州船，只得叫船先到蘇州。到了蘇州，鳳四老爹打發清了船錢，纔換了杭州船，這隻船比南京
51,Suzhou,蘇州,直到浙江去。叫遍了，總沒有一隻杭州船，只得叫船先到蘇州。到了蘇州，鳳四老爹打發清了船錢，纔換了杭州船，這隻船比南京叫的卻大著
51,Suzhou,蘇州,隨即付埠頭一兩八錢銀子，包了他一個中艙，一個前艙。五個人上了蘇州船，守候了一日，船家纔攬了一個收絲的客人搭在前艙。這客人約有
51,Hangzhou,杭州,單衣，出了漢西門來叫船，打點一直到浙江去。叫遍了，總沒有一隻杭州船，只得叫船先到蘇州。到了蘇州，鳳四老爹打發清了船錢，纔換了
51,Hangzhou,杭州,船，只得叫船先到蘇州。到了蘇州，鳳四老爹打發清了船錢，纔換了杭州船，這隻船比南京叫的卻大著一半。鳳四老爹道：「我們也用不著這
51,Hangzhou,杭州,"苦差，如今與你們算差錢罷。」差人謝了。

閒話休提。不日到了杭州，又換船直到臺州，五個人一齊進了城。府差道：「鳳四老爹，家門"
51,Hangzhou,杭州,"。因而吩咐祁知府從寬辦結。竟將萬里、鳳鳴岐都釋放。撫院也就回杭州去了。這一場焰騰騰的官事，卻被鳳四老爹一瓢冷水潑息。

萬中"
51,Hangzhou,杭州,時偶然高興。你若認真感激起我來，那倒是個鄙夫之見了。我今要往杭州去尋一個朋友，就在明日便行。」萬中書再三挽留不住，只得憑著鳳
51,Hangzhou,杭州,就走。次日，鳳四老爹果然別了萬中書，不曾受他杯水之謝，取路往杭州去了。只因這一番，有分教：拔山扛鼎之義士，再顯神通；深謀詭計
52,Nanjing,南京,爹道：「正是。」胡八亂子道：「他而今不在家，同了一個毛鬍子到南京賣絲去了。毛二鬍子也是三家兄的舊門客。鳳四哥，你不消去尋他，
52,Nanjing,南京,日，正在那裏試拳法，外邊走進一個二十多歲的人，瘦小身材，來問南京鳳四老爹可在這裏。鳳四老爹出來會著，認得是陳正公的姪兒陳蝦子
52,Nanjing,南京,來意，陳蝦子道：「前日胡府上有人送信說四老爹你來了。家叔卻在南京賣絲去了。我今要往南京去接他。你老人家有甚話，我替你帶信去。
52,Nanjing,南京,胡府上有人送信說四老爹你來了。家叔卻在南京賣絲去了。我今要往南京去接他。你老人家有甚話，我替你帶信去。」鳳四老爹道：「我要會
52,Nanjing,南京,"，我也不寫信了。」

陳蝦子應諾，回到家，取了行李，搭船便到南京，找到江寧縣前傅家絲行裏，尋著了陳正公。那陳正公正同毛二鬍子"
52,Nanjing,江寧縣,"信了。」

陳蝦子應諾，回到家，取了行李，搭船便到南京，找到江寧縣前傅家絲行裏，尋著了陳正公。那陳正公正同毛二鬍子在一桌子上喫"
52,Nanjing,南京,來又同陳正公合伙販絲。陳正公也是一文如命的人，因此志同道合。南京絲行裏供給絲客人飲食，最為豐盛。毛二鬍子向陳正公道：「這行主
52,Nanjing,南京,鋪？」櫃裏朝奉道：「尊駕貴姓？」陳正公道：「我叫做陳正公，從南京來，要會會毛二爺。」朝奉道：「且請裏面坐。」後一層便是堆貨的
52,Nanjing,南京,公道：「他而今那裏去了？」朝奉道：「他的腳步散散的，知他是到南京去北京去了！」陳正公聽了這些話，驢頭不對馬嘴，急了一身的臭汗
52,Nanjing,南京,了一遍。鳳四老爹道：「這個不妨，我有道理。明日我同秦二老爺回南京，你先在嘉興等著我，我包你討回，一文也不少，何如？」陳正公道
52,Nanjing,南京,"二位，另上小船去了。

鳳四老爹同秦二侉子說說笑笑，不日到了南京，各自回家。過了兩天，鳳四老爹到胭脂巷候秦中書。他門上人回道"
52,Beijing,北京,公道：「我昨日聽得一個朋友說：這裏胭脂巷有一位中書秦老爹要上北京補官，攢湊盤程，一時不得應手，情願七扣的短票，借一千兩銀子。
52,Beijing,北京,「他而今那裏去了？」朝奉道：「他的腳步散散的，知他是到南京去北京去了！」陳正公聽了這些話，驢頭不對馬嘴，急了一身的臭汗。同陳
52,Suzhou,蘇州,：國公府裏徐九老爺有個表兄陳四老爺拿了他斤把人參，而今他要回蘇州去，陳四老爺一時銀子不湊手，就託他情願對扣借一百銀子還他，限
52,Hangzhou,杭州,話說鳳四老爹別過萬中書，竟自取路到杭州。他有一個朋友，叫做陳正公，向日曾欠他幾十兩銀子，心裏想道：
52,Hangzhou,錢塘,，心裏想道：「我何不找著他，向他要了做盤纏回去。」陳正公住在錢塘門外。他到錢塘門外來尋他，走了不多路，看見蘇隄上柳陰樹下，一
52,Hangzhou,錢塘,我何不找著他，向他要了做盤纏回去。」陳正公住在錢塘門外。他到錢塘門外來尋他，走了不多路，看見蘇隄上柳陰樹下，一叢人圍著兩個人
52,Hangzhou,錢塘,，我要向他取討。」胡八亂子道：「可是一向住在竹竿巷，而今搬到錢塘門外的？」鳳四老爹道：「正是。」胡八亂子道：「他而今不在家，
53,Nanjing,南京,話說南京這十二樓，前門在武定橋，後門在東花園，鈔庫街的南首，就是長板
53,Nanjing,南京,處，望著那園中幾百樹梅花，都微微含著紅萼。徐九公子道：「近來南京的天氣暖的這樣早，不消到十月盡，這梅花都已大放可觀了。」陳木
53,Nanjing,南京,用的都是古禮古樂。那些祭品的器皿，都是訪古購求的。我若那時在南京，一定也去與祭，也就可以見古人的制度了。」徐九公子道：「十幾
53,Nanjing,南京,「這一位尊姓？」聘娘接過來道：「這是北門橋鄒泰來太爺，是我們南京的國手，就是我的師父。」陳木南道：「久仰。」鄒泰來道：「這就
53,Nanjing,南京,。陳木南笑道：「酒菜也是一樣。」虔婆道：「四老爺，想我老身在南京也活了五十多歲，每日聽見人說國公府裏，我卻不曾進去過，不知怎
53,Hangzhou,杭州府,門外。只見四個管家婆娘，齊雙雙跪下，說道：「陳四老爺已經陞授杭州府正堂了，特著奴婢們來請太太到任，同享榮華。」聘娘聽了，忙走到
53,Hangzhou,杭州府,些人道：「這是我的徒弟，你們抬他到那裏去！」聘娘說道：「我是杭州府的官太太，你這禿師姑怎敢來揪我！」正要叫夜役鎖他，舉眼一看，
54,Nanjing,南京,南道：「先母辭世﹐三載有余。弟因想念九表弟文字相好﹐所以來到南京﹐朝夕請教。今表兄榮任閩中﹐賢昆玉同去﹐愚表弟倒覺失所了。」
54,Nanjing,南京城,﹐放個小桌子﹐與他坐著。丫頭斟茶﹐遞與他吃著。陳木南問道：「南京城里﹐你們這生意也還好麼？」瞎子道：「說不得﹐比不得上年了。上
54,Nanjing,南京城,我們沒眼的算命﹐這些年睜眼的人都來算命﹐把我們擠壞了！就是這南京城﹐二十年前有個陳和甫﹐他是外路人﹐自從一進了城﹐這些大老官家
54,Beijing,京城,放個小桌子﹐與他坐著。丫頭斟茶﹐遞與他吃著。陳木南問道：「南京城里﹐你們這生意也還好麼？」瞎子道：「說不得﹐比不得上年了。上
54,Beijing,京城,們沒眼的算命﹐這些年睜眼的人都來算命﹐把我們擠壞了！就是這南京城﹐二十年前有個陳和甫﹐他是外路人﹐自從一進了城﹐這些大老官家
54,Hangzhou,杭州府,話說聘娘同四老爺睡著﹐夢見到杭州府的任﹐驚醒轉來﹐窗子外已是天亮了﹐起來梳洗。陳木南也就起來。
55,Nanjing,南京,話說萬曆二十三年，那南京的名士都已漸漸銷磨盡了。此時虞博士那一輩人，也有老了的，也有
55,Yangzhou,揚州,擁著兩個人在那裏下棋。一個穿寶藍的道：「我們這位馬先生前日在揚州鹽臺那裏下的是一百一十兩的彩，他前後共贏了二千多銀子。」一個
